,,Дата отгрузки формирируется (Дата отгрузочного документа в адрес клиента),Номер отгрузки формирируется (№ отгрузочного документа в адрес клиента),Создается автоматом дата создания заказа клиента,Создается автоматом номер заказа клиента,если есть,Создается автоматомзаказчик из заказа клиента,"Создается автоматом из заказа клиента (мало вероятно, что будем пользоваться) лучше реквизиты сразу заложить.",текстовое поле или выпадающий список (азначается нашим менеджером),Загрузка и из заявки  (текстовая форма),Загрузка и из заявки  (текстовая форма),Загрузка и из заявки  (текстовая форма),Загрузка и из заявки  (текстовая форма) для корректировки полей с пометкой факт принажатии на эти поля должно открыться окно заказа и там можно редактировать в арме нельзя (в Идеале)))_ в табличной форме загрузки разлиновка ячеек и нумерация строк в соответсвии с номером строки в части 1с списка товаров,Загрузка и из заявки  (текстовая форма),Загрузка и из заявки  (текстовая форма),Загрузка и из заявки  (текстовая форма),"Наименование товара.менеджер создает позицию на основании счета имеет возможность ее отгрузить, но позиция номенклатурная падает исключительно в папку ""На согласование"" в папку основную товар Нужно перенести заполнив все поля перенос в паку доступен только админу с артикулом, код а-а и прочиви вещами связанными с номенклатурой такая же процедура (всучае если номенклатура по мнения склада не соответствует скдад ставит комментарий на позицию",Артикул,"код привязавется к позиции если она имеет определенного поствщика (на уровне номенклатуры). Соответсвенно в подбор товара можно попасть через: наименование, артикул, код или кнопка подбор когда стоим на этой строке",Привязка к номенклатуре (Нужно или можно заложить краность упаковке или тары) Пример заказли 3 бутылки по 2 литра на складе или в продаже есть только в таре по 5 литров соответсвенно выписаваем 5 или 10 литров в документы на склад приходит задание 2 канистры по 5 литров стандартная функция где то ее видел,Фактическое которое мы хоти отгрузить,"кол-во в наличии на складе этоже поле участвует какое количество мы заказываем у поставщика, если товар в достаточно количестве отображается зеленым, после того как склад заприходовал товар то становится тоже зеленым в случае если стоял резер на него (нужно подумать над алгоритмом. в случае нехватки товара или разных цен строка начинает дробиться. для проценки можно дробить вручную и выбирать какие строки будем покупать.",,,,"назначается будущими кнопками или после если с товаром производит действие склад , в резерв, заказано в пути, нузно забрать, прихлдуется, на складе, готов к отгрузке, отгружен. сопроводается цветом","Цена входа на складе , или цена будущей покупки в слуае отсутсвия на складе проговаривали забыл как можно сделать привязку к позиции например доствка или сопутсвующих расходов",сумма товар на  складе или к закупке. Если выделить отдельные стороки нужно видеть сумму позиций,"тип: нал, без ндс, 5%, 10%, 22%",РРЦ,буха заставим делать (должен контролировать менеджер,"процент в натуральном виде 10% не 1,10 наценки на товар можно заполнять можно оставить пустым и поставить цену сследующей колонке руками или наоборот ( если автоматом будет показывать наценку будет хорошо, Допом подумать что если даем ниже опреденоого процента подсвечивается красным",цена ставиться вручную или заполняется от наценки,сумма автоматом,заполняется автоматом из наличия товара с разбивкой по партиям или ставиться в качестве будущей поставки,Дата ставиться автоматом при формировании документа о приемки  это дата когда склад заприходовал товар,заполняет склад на моменте прихода,заполняет склад на моменте прихода,Территория забора товара у поставщика или доставка Транскортной компанией можно оставить текстовым полем для японимая откуда ждать товар указывается адрес откуда забрать для своих машин и когда можно забрать,Комментарий)))
,0,7,7,1,1,1,1,1,1,1,1,1,1,1,1,1,2,2,2,2,"2,00","2,00","2,00","2,00",,"3,00","3,00","3,00",3,4,5,4,"4,00","4,00",3,6,6,6,8,9
,№ п/п,дата отгрузки,Номер отгрузкуи,"Дата 
заказа",№ заказ внутренний наш,№ заказ клиент,Заказчик ,Договор с заказчиком ,Вид услуги,Срочность (ФАКТ) она же коментарий со стороны заказчика,Машина ГРЗ  (ФАКТ),Территория  (ФАКТ),Наименование (ФАКТ),Артикул  (ФАКТ),кол-во  (ФАКТ),ед. изм. (ФАКТ),Наименование,Артикул ,Код А-А /код поставщика,ед. изм.,Кол-во ,кол-во в наличии на складе,кол-во в резерве того товара который находиться на складе,количество товара заказаннного который едет или еще не заприходовано складом //// вторым числом можно указать количество свободное (тоесть то что сейчас едет к нам и останется  на складе,№ фартиии ФИФО или механизм для выбора какой товар мы возьмем в ручную,статус заявки,Цена,сумма,Форма оплаты,РРЦ,"Оплачено (выствлен счет, счет в оплате, оплачено, оплачено позже будет, постоплатный договор)",Коэфф,,,Поставщик,"Дата 
получения",Дата УПД,№ УПД,Территория отгрузки поставщиком,Комментарий
,7656,2/4/2026,141,2/2/2026,,,,,,,АРМ,АРМ,Размораживатель дизельного топлива на 200л 1л ASTROHIM AC193 Бочка, AC193,"1,00",,Размораживатель дизельного топлива 946мл HI-GEAR,HG4114,063992,,"200,00",,,,,,"2 351,55","470 310,00",,,,,"4 392,00","878 400,00",АЛЬЯНС,2/3/2026,,,,
,7657,2/4/2026,141,2/2/2026,,,,,,,Склад,СКЛАД,Провод АКБ соединительный перемычка L=400мм S=25мм клемма-клемма,OZ-BС4004,"10,00",,Провод АКБ соединительный перемычка L=400мм S=25мм клемма-клемма CARGEN,AX62325,798058,,"10,00",,,,,,"617,32","6 173,20",,,,,"1 424,00","14 240,00",АЛЬЯНС,2/3/2026,,,,
,7658,2/4/2026,141,2/2/2026,,,,,,,Склад,СКЛАД,"Фильтр топливный КАМАЗ,ПАЗ тонкой очистки",KF3485 PR,"20,00",,"Фильтр топливный КАМАЗ, ПАЗ тонкой очистки L382 (аналог WK 950/21) FLEETGUARD",FF5421,645183,,"20,00",,,,,,"915,00","18 300,00",,,,,"1 688,00","33 760,00",АЛЬЯНС,2/3/2026,,,,
,7659,2/4/2026,141,2/2/2026,,,,,,,Склад,СКЛАД,Фильтр топливный КАМАЗ (дв.CUMMINS) MOVELEX FS36253MX,FS36253-MX,"20,00",,Фильтр топливный КАМАЗ (дв.CUMMINS) FLEETGUARD,FS36253,441388,,"20,00",,,,,,"1 396,90","27 938,00",,,,,"2 864,00","57 280,00",АЛЬЯНС,2/3/2026,,,,
,7660,,,2/2/2026,,,,,,,А575ЕС977,СПАК,Стекло двери МОСКВИЧ 3 JAC JS4 OE 5603100U340003,5603100U340003,"1,00",,,,,,"1,00",,,,,,,"0,00",,,,,"0,00","0,00",,,,,,
,7661,2/4/2026,141,2/2/2026,,,,,,,8243НС77,СПАК,Прокладка головки блока Д-245 ЕВРО-3 БЦМ 501003020,50-1003020,"1,00",,Прокладка головки блока Д-245 ЕВРО-3 БЦМ,50-1003020,777858,,"1,00",,,,,,"807,03","807,03",,,,,"1 472,00","1 472,00",АЛЬЯНС,2/3/2026,,,,
,7662,2/4/2026,141,2/2/2026,,,,,,,8243НС77,СПАК,"Указатель давления масла МТЗ,ЛТЗ,ВТЗ 6атм. МТТ-6,14.3830-03 (А) МД219",МД-219,"1,00",,"Указатель давления масла МТЗ, ЛТЗ, ВТЗ 6атм. МТТ-6, 14.3830-03 (А)",МД-219,063856,,"1,00",,,,,,"187,00","187,00",,,,,"608,00","608,00",АЛЬЯНС,2/3/2026,,,,
,7672,2/5/2026,142,2/3/2026,,,,,,,а590се197,СПАК,"Фонарь задний КАМАЗ,МАЗ,УРАЛ левый с проводом ТЕХАВТОСВЕТ", 7452-262,"1,00",,"Фонарь задний КАМАЗ, МАЗ, УРАЛ 24V с проводом левый ТЕХАВТОСВЕТ",7452-262 / 7472.3716-04,622563,,"1,00",,,,,,"1 164,49","1 164,49",,,,,"2 048,00","2 048,00",АЛЬЯНС,2/4/2026,,,КЕТЧЕРСКАЯ,
,7673,2/5/2026,142,2/3/2026,,,,,,,с259вв777,СПАК,"Разъем МАЗ,ГАЗ,УАЗ фонаря заднего штыревой", AX502,"3,00",,"Разъем МАЗ, ГАЗ, УАЗ фонаря заднего штыревой (м+п, байонет) CARGEN",AX502,858499,,"3,00",,,,,,"543,51","1 630,53",,,,,"1 048,00","3 144,00",АЛЬЯНС,2/4/2026,,,КЕТЧЕРСКАЯ,
,7693,2/11/2026,150,2/3/2026,,,,,,срочно,т710ео777,ДЭУ_5,Насос гидроусилителя КАМАЗ-4308 дв.CUMMINS ,ZYB-1816L/817-1,"1,00",,Насос гидроусилителя КАМАЗ-4308 дв.CUMMINS QUANXING,ZYB-1816L/817-1 / 7684955230,,,"1,00",,,,,,"11 490,00","11 490,00",,,,,"18 384,00","18 384,00",РДБС МОТОРС,2/10/2026,,,,
,7694,2/6/2026,144,2/3/2026,,,,,,,9114МО77,СПАК,Маяк проблесковый 12V импульсный на магните светодиодный оранжевый TORINO,51016Х-10 OR,"1,00",,Маяк импульсный 12/24V (72 светодиода) (2 режима) на магните желтый LUMEN,MWL-TTX535LHB,270447,,"1,00",,,,,,"1 820,24","1 820,24",,,,,"3 504,00","3 504,00",АЛЬЯНС,2/5/2026,,,,
,7695,2/5/2026,142,2/3/2026,,,,,,,0020ММ77,СПАК,Трос буксировочный 5т 5м ленточный (крюк-крюк) АВТОСТОП AB5K,AB-5K,"1,00",,Трос буксировочный 5т 5м ленточный (крюк-крюк) АВТОСТОП,AB-5K,659406,,"1,00",,,,,,"250,10","250,10",,,,,"448,00","448,00",АЛЬЯНС,2/4/2026,,,,
,7696,2/5/2026,142,2/3/2026,,,,,,,9200МО77,СПАК,"Вал карданный МТЗ-80,82,320,Т-25 привода щетки в кожухе ",10.016.6000-25.04С,"1,00",,"Вал карданный МТЗ-80, 82, 320, Т-25 привода щетки в кожухе (8 шлиц.+шпонка) L=810-1285мм",10.016.6000-25.04С,852537,,"1,00",,,,,,"13 036,10","13 036,10",,,,,"24 056,00","24 056,00",АЛЬЯНС,2/4/2026,,,,
,7697,2/5/2026,142,2/3/2026,,,,,,,4596ММ77,СПАК,Опора вала карданного МТЗ промежуточная РБ 722209010,72-2209010,"1,00",,Опора вала карданного МТЗ промежуточная БЗТДИА,72-2209010,086579,,"1,00",,,,,,"15 690,42","15 690,42",,,,,"29 232,00","29 232,00",АЛЬЯНС,2/4/2026,,,,
,7698,2/6/2026,144,2/3/2026,,,,,,,9200МО77,СПАК,Маяк проблесковый 12V импульсный на магните светодиодный оранжевый TORINO, 51016Х-10 OR,"1,00",,Маяк импульсный 12/24V (72 светодиода) (2 режима) на магните желтый LUMEN,MWL-TTX535LHB,270447,,"1,00",,,,,,"1 820,24","1 820,24",,,,,"3 504,00","3 504,00",АЛЬЯНС,2/5/2026,,,,
,7699,2/5/2026,142,2/3/2026,,,,,,,0020ММ77,СПАК,Трос МТЗ-320 БЗТДиА,320-1108070,"1,00",,Трос МТЗ-320 ОАО МТЗ,320-1108070	,,,"1,00",,,,,,"490,00","490,00",,,,,"857,00","857,00",сонар,2/4/2026,,,,
,7700,2/5/2026,142,2/3/2026,,,,,,,0020мм77,СПАК,Трос МТЗ-320 БЗТДиА,320-1108060,"1,00",,Трос МТЗ-320 БЗТДИА,320-1108060,,,"1,00",,,,,,"625,00","625,00",,,,,"1 094,00","1 094,00",сонар,2/4/2026,,,,
,7701,2/6/2026,144,2/3/2026,,,,,услга,,0020ММ77,СПАК,Бак масляный МТЗ гидросистемы БЗТДИА,321-4608110,"1,00",,Бак масляный МТЗ гидросистемы БЗТДИА,321-4608110,,,"1,00",,,,,,"16 860,00","16 860,00",,,,,"26 976,00","26 976,00",РДБС МОТОРС,2/5/2025,,,,
,7702,2/6/2026,144,2/3/2026,,,,,инструмент,конический подшипник,1129ММ77,СПАК,Конический подшипник 6-7206А, 6-7206А,"2,00",,"Подшипник 6-7206 А (30206) 30*62*17,25мм ГПЗ/СПЗ-4",6-7206 А (30206),,,"2,00",,,,,,"257,40","514,80",,,,,"463,00","926,00",кирелис,2/5/2025,,,,
,7703,2/5/2026,142,2/3/2026,,,,,,,6084НК77,СПАК,"Стартер МАЗ,МТЗ,АМКОДОР дв.Д-260.7,260.5,265 и их модификации редукторный 24В z=10 9.0кВт БАТЭ ",5432.3708000-20,"1,00",,"Стартер МАЗ, МТЗ, АМКОДОР дв.Д-260.7, 260.5, 265 и их модификации редукторный 24В z=10 9.0кВт БАТЭ  ",5432.3708000-20,657708,,"1,00",,,,,,"17 470,40","17 470,40",,,,,"39 280,00","39 280,00",АЛЬЯНС,2/4/2026,,,,
,7704,2/5/2026,142,2/3/2026,,,,,,,6084НК77,СПАК,"Трубка МТЗ,Д260 сливная ММЗ 2601118010", 260-1118010,"1,00",,"Трубка МТЗ, Д260 сливная ММЗ",260-1118010,,,"1,00",,,,,,"814,05","814,05",,,,,"1 424,00","1 424,00",сонар,2/4/2026,,,,
,7705,,,2/3/2026,,,,,,,5925НК77,СПАК,Щетка стеклоочистителя,1473847M91,"1,00",,,,,,"1,00",,,,,,,"0,00",,,,,"0,00","0,00",,,,,,
,7706,,,2/3/2026,,,,,,,4735ММ77,СПАК,Щетка стеклоочистителя,1473847M91,"1,00",,,,,,"1,00",,,,,,,"0,00",,,,,"0,00","0,00",,,,,,
,7707,2/5/2026,142,2/3/2026,,,,,,,м141мн777,СПАК,Шкив ГАЗ-3302 Бизнес дв.УМЗ-4216 ЕВРО-3,4216.1005074,"1,00",,Шкив ГАЗ-3302 Бизнес дв.УМЗ-4216 ЕВРО-3 ГБО коленвала привода вентилятора УМЗ,4216.1005074,177377,,"1,00",,,,,,"2 559,56","2 559,56",,,,,"5 016,00","5 016,00",АЛЬЯНС,2/4/2026,,,,
,7708,2/5/2026,142,2/3/2026,,,,,,,с255вв777,СПАК,Бачок расширительный КАМАЗ-6520 пластик с крышкой ,6520-1311010-01 ,"1,00",,Бачок расширительный КАМАЗ-6520 пластик с крышкой (без клапана) ТЕХНОТРОН,6520-1311010-01,923527,,"1,00",,,,,,"1 644,56","1 644,56",,,,,"3 616,00","3 616,00",АЛЬЯНС,2/4/2026,,,,
,7709,2/4/2026,142,2/3/2026,,,,,,срочно,о055сг197,СПАК,"Стартер МАЗ,УРАЛ дв.ЯМЗ-236,238,", 5432.3708 АЕ ,"1,00",,"Стартер МАЗ, УРАЛ дв.ЯМЗ-236, 238, 656, 658, 7511 ЕВРО-2, 3 z=10 9.2кВт редукторный AVTOELECTRICA",5432.3708 АЕ,559699,,"1,00",,,,,,"13 850,05","13 850,05",,,,,"23 816,00","23 816,00",АЛЬЯНС,2/3/2026,,,,
,7977,2/6/2026,145,2/6/2026,,,,,запчасть,,Е427ЕВ777,АРМ,Крышка КАМАЗ редуктора среднего моста (ОАО КАМАЗ),54115-2502209,"1,00",,Крышка КАМАЗ редуктора среднего моста (ОАО КАМАЗ),54115-2502209,633603,,"1,00",,,,,,"2 417,43","2 417,43",,,,,"4 800,00","4 800,00",АЛЬЯНС,2/6/2026,,,КЕТЧЕРСКАЯ,САМИ
,7978,2/6/2026,145,2/6/2026,,,,,запчасть,,Е427ЕВ777,АРМ,Болт М10х1.25х35 ВАЗ-2121 поперечины (кл.проч. 8.8) ТТМ,15970921,"20,00",,Болт М10х1.25х35 ВАЗ-2121 поперечины (кл.проч. 8.8) ТТМ,15970921,091751,,"20,00",,,,,,"17,08","341,60",,,,,"56,00","1 120,00",АЛЬЯНС,2/6/2026,,,КЕТЧЕРСКАЯ,САМИ
,7979,2/6/2026,145,2/6/2026,,,,,запчасть,,Е427ЕВ777,АРМ,Прокладка КАМАЗ среднего моста комплект (7шт.),5320-25020**,"3,00",,Прокладка КАМАЗ среднего моста комплект (7шт.),5320-25020**,178027,,"3,00",,,,,,"165,92","497,76",,,,,"304,00","912,00",АЛЬЯНС,2/6/2026,,,КЕТЧЕРСКАЯ,САМИ
,7980,2/6/2026,145,2/6/2026,,,,,запчасть,,8566мм77,ДЭУ_5,"Стартер МТЗ-1221,22,ЗИЛ,ГАЗ,МАЗ,ПАЗ дв.ММЗ ЕВРО-2 Д243,245,260 24В 3.5кВт STARTVOLT",	LST0372,"1,00",,"Стартер МТЗ-1221,22,ЗИЛ,ГАЗ,МАЗ,ПАЗ дв.ММЗ ЕВРО-2 Д243,245,260 24В 3.5кВт STARTVOLT",LST0372 / 9172780,327175,,"1,00",,,,,,"8 921,25","8 921,25",,,,,"20 240,00","20 240,00",АЛЬЯНС,2/6/2026,,,КЕТЧЕРСКАЯ,САМИ
,7981,2/6/2026,145,2/6/2026,,,,,запчасть,,Склад,СКЛАД,Фонарь габаритный красный/белый 12/24 светодиодный левый ТЕХАВТОСВЕТ,ФГ-20-02L-LED,"8,00",,Фонарь габаритный красный/белый 12/24 светодиодный левый ТЕХАВТОСВЕТ,ФГ-20-02L-LED,379318,,"8,00",,,,,,"765,00","6 120,00",,,,,"1 360,00","10 880,00",АЛЬЯНС,2/5/2026,,,,
,7982,2/10/2026,148,2/6/2026,,,,,,,Склад,СКЛАД,"Болт М14х1.5х55 МАЗ,КАМАЗ-65115 вала карданного в сборе",900-00-008,"50,00",,"Болт М14х1.5х55 МАЗ, КАМАЗ-65115 вала карданного в сборе (к.п. 10.9) азотированная сталь MEGAPOWER  ",900-00-008 / 11422031СБ,557947,,"50,00",,,,,,"64,52","3 226,00",,,,,"144,00","7 200,00",АЛЬЯНС,2/9/2026,,,,
,,,,,,,,,,,,,,,,,,,,,,,,,,,,,,,,,,,,,,,,
,,,,,,,,,,,,,,,,,,,,,,,,,,,,,,"эти 3 поля могут рабть во свсе сторны, как показывается коффициень так и сумма и на обоор",,,,,,,,,,
,,,,,,,,,,,,,,,,,,,,,,,,,,,,,,,,,,,,,,,,
,,,,,,,,,,,,,,,,,,,,,,,,,,,,,,,,,,,,,,,,
,,,,,,,,,,,,,,,,,,,,,,,,,,,,,,,,,,,,,,,,
,,,,,,,,,,,,вопросы,,,,,,,,,,,,,,,,,,,,,,,,,,,,
,,,,,,,,,,,,,возможно сделать кнопку? Для вариантов отображения столбцов показать все и отобразить выбранные пользователем в зависимости от его потребностей?,,,,,,,,,,,,,,,,,,,,,,,,,,,
,,,,,,,,,,,,,,,,,,,,,,,,,,,,,,,,,,,,,,,,
,,,,,,,,,,,,кнопки,,,,,,,,,,,,,,,,,,,,,,,,,,,,
,,,,,,,,,,,,,создать задание на сборку склад с печатной формой,задание на сборку,,,,,,,,,,,,,,,,,,,,,,,,,,
,,,,,,,,,,,,,по готовности сборки ,отгрузить,,,,,,,,,,,,,,,,,,,,,,,,,,
,,,,,,,,,,,,,резерв,резерв,,,,,,,,,,,,,,,,,,,,,,,,,,
,,,,,,,,,,,,,отмена заказа на строку,отмена,,,,,,,,,,,,,,,,,,,,,,,,,,
,,,,,,,,,,,,,"возврат от заказчика позиции указываем на строку нажимаем возват выскакивет оно где нужно указать сколько предметов хотят вернуть, далее содается строка возврата автоматом документ на склад что бы приняли на этоим осоновании возврат",возврат,,,,,,,,,,,,,,,,,,,,,,,,,,
,,,,,,,,,,,,,после выбора поствщика номенклатуры кол-во и цены нажимаем заказать,заказать,,,,,,,,,,,,,,,,,,,,,,,,,,
,,,,,,,,,,,,,"после выбора поствщика номенклатуры кол-во и цены нажимаем заказать, следавательно формируется список на склад где идет разбивка по контагентам при проваливании внуть видим скписок что должно поступить в формате дата заказа, наимнование, артикул,  кол-во, цена. На основании этого склад принимает товар проверяя цены и количество с фктически поступившим в случае не довоза строка дробиться и тд все должно быть в стандарном механизме или разбито по докментам  как заказывал менеджер ",на основнии этого они нажимают на складе ,заказы поставщикам к поступлению офоромить приходную накладнкую,,,,,,,,,,,,,,,,,,,,,,,,,
,,,,,,,,,,,,,такойже принцип с возвратами,,,,,,,,,,,,,,,,,,,,,,,,,,,
,,,,,,,,,,,,,в случае если чтото заказно и это имеет определенный срок поставки то пишем в комментарий что такого числа прибудет или есть стандарный механизм вывода сюда тот же принцип если товар едет через транспортную компанию,,,,,,,,,,,,,,,,,,,,,,,,,,,
,,,,,,,,,,,,,,,,,,,,,,,,,,,,,,,,,,,,,,,,
,,,,,,,,,,,,,,,,,,,,,,,,,,,,,,,,,,,,,,,,
,,,,,,,,,,,,,столбцы двойного назначения как отображение что на складе так и что будем закупать,,,,,,,,,,,,,,,,,,,,,,,,,,,
,,,,,,,,,,,,,текстове поля закгружаются через каказ клиента через кнопку создать заказ,,,,,,,,,,,,,,,,,,,,,,,,,,,
,,,,,,,,,,,,,не знаю как сделать нужна подсказка,,,,,,,,,,,,,,,,,,,,,,,,,,,